{
  "version": "1.0.0",
  "export_date": "2025-10-15T17:45:35.477648",
  "total_courriers": 2,
  "courriers": [
    {
      "id": 1,
      "numero_accuse_reception": "GEC-2025-00001",
      "type_courrier": "ENTRANT",
      "type_courrier_sortant_id": null,
      "date_redaction": "2025-10-10",
      "date_enregistrement": "2025-10-15T17:44:03.170246",
      "statut": "RECU",
      "date_modification_statut": "2025-10-15T17:44:03.170253",
      "secretaire_general_copie": true,
      "fichier_nom": "Adobe Scan 9 août 2025.pdf",
      "fichier_type": "pdf",
      "fichier_checksum": null,
      "fichier_encrypted": false,
      "autres_informations": null,
      "is_deleted": false,
      "deleted_at": null,
      "utilisateur_id": 1,
      "objet": "MOA Digital Agency",
      "expediteur": "Kalonji",
      "destinataire": null,
      "numero_reference": "HU123456",
      "forwards": []
    },
    {
      "id": 2,
      "numero_accuse_reception": "GEC-2025-00002",
      "type_courrier": "SORTANT",
      "type_courrier_sortant_id": 3,
      "date_redaction": "2025-08-20",
      "date_enregistrement": "2025-10-15T17:45:05.197471",
      "statut": "RECU",
      "date_modification_statut": "2025-10-15T17:45:05.197474",
      "secretaire_general_copie": null,
      "fichier_nom": "GEC_-_Systme_de_Gestion_du_Courrier.pdf",
      "fichier_type": "pdf",
      "fichier_checksum": null,
      "fichier_encrypted": false,
      "autres_informations": "Kalonji",
      "is_deleted": false,
      "deleted_at": null,
      "utilisateur_id": 1,
      "objet": "Lorempiosdorel sit amen",
      "expediteur": null,
      "destinataire": "Aisance",
      "numero_reference": "HR09876554321",
      "forwards": []
    }
  ],
  "attachments": [
    {
      "courrier_id": 1,
      "type": "main",
      "filename": "Adobe Scan 9 août 2025.pdf",
      "path": "uploads/20251015_174403_Adobe_Scan_9_aout_2025.pdf",
      "encrypted": false,
      "checksum": null
    },
    {
      "courrier_id": 2,
      "type": "main",
      "filename": "GEC_-_Systme_de_Gestion_du_Courrier.pdf",
      "path": "uploads/20251015_174505_GEC_-_Systme_de_Gestion_du_Courrier.pdf",
      "encrypted": false,
      "checksum": null
    }
  ]
}