{
  "version": "1.0.0",
  "export_date": "2025-10-15T12:38:02.231630",
  "total_courriers": 2,
  "courriers": [
    {
      "id": 1,
      "numero_accuse_reception": "GEC-2025-00001",
      "type_courrier": "ENTRANT",
      "type_courrier_sortant_id": null,
      "date_redaction": null,
      "date_enregistrement": "2025-10-15T12:28:52.249879",
      "statut": "RECU",
      "date_modification_statut": "2025-10-15T12:28:52.249883",
      "secretaire_general_copie": true,
      "fichier_nom": "EXPORTATION_REDEVANCE_MOIS_D_AVRIL_2025.pdf",
      "fichier_type": "pdf",
      "fichier_checksum": null,
      "fichier_encrypted": false,
      "autres_informations": null,
      "is_deleted": false,
      "deleted_at": null,
      "utilisateur_id": 1,
      "objet": "Ceci est l'objet de la lettre",
      "expediteur": "Kalonji",
      "destinataire": null,
      "numero_reference": "AZ12345678",
      "forwards": []
    },
    {
      "id": 2,
      "numero_accuse_reception": "GEC-2025-00002",
      "type_courrier": "SORTANT",
      "type_courrier_sortant_id": 4,
      "date_redaction": "2025-08-23",
      "date_enregistrement": "2025-10-15T12:30:04.833582",
      "statut": "RECU",
      "date_modification_statut": "2025-10-15T12:30:04.833585",
      "secretaire_general_copie": null,
      "fichier_nom": "Adobe Scan 9 août 2025.pdf",
      "fichier_type": "pdf",
      "fichier_checksum": null,
      "fichier_encrypted": false,
      "autres_informations": "Complment information",
      "is_deleted": false,
      "deleted_at": null,
      "utilisateur_id": 1,
      "objet": "Ceci est une deuxième lettre sortant",
      "expediteur": null,
      "destinataire": "Aisance",
      "numero_reference": "EZA123409876",
      "forwards": []
    }
  ],
  "attachments": [
    {
      "courrier_id": 1,
      "type": "main",
      "filename": "EXPORTATION_REDEVANCE_MOIS_D_AVRIL_2025.pdf",
      "path": "uploads/20251015_122852_EXPORTATION_REDEVANCE_MOIS_D_AVRIL_2025.pdf",
      "encrypted": false,
      "checksum": null
    },
    {
      "courrier_id": 2,
      "type": "main",
      "filename": "Adobe Scan 9 août 2025.pdf",
      "path": "uploads/20251015_123004_Adobe_Scan_9_aout_2025.pdf",
      "encrypted": false,
      "checksum": null
    }
  ]
}