{
  "backup_info": {
    "created": "2025-09-17T19:29:58.756618",
    "type": "pre_update_security",
    "version": "2.0"
  },
  "critical_settings": {
    "nom_logiciel": "GEC - Mines RDC",
    "sendgrid_api_key": "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",
    "email_provider": "sendgrid",
    "smtp_server": "monbusiness.pro",
    "smtp_port": 465,
    "smtp_username": "notif@monbusiness.pro",
    "smtp_use_tls": "true",
    "titre_responsable_structure": "Directeur Général"
  }
}