{
  "version": "1.0.0",
  "export_date": "2025-10-15T16:08:02.138323",
  "total_courriers": 2,
  "courriers": [
    {
      "id": 1,
      "numero_accuse_reception": "GEC-2025-00001",
      "type_courrier": "ENTRANT",
      "type_courrier_sortant_id": null,
      "date_redaction": null,
      "date_enregistrement": "2025-10-15T15:38:32.641774",
      "statut": "RECU",
      "date_modification_statut": "2025-10-15T15:38:32.641778",
      "secretaire_general_copie": true,
      "fichier_nom": "GEC_-_Systme_de_Gestion_du_Courrier.pdf",
      "fichier_type": "pdf",
      "fichier_checksum": null,
      "fichier_encrypted": false,
      "autres_informations": null,
      "is_deleted": false,
      "deleted_at": null,
      "utilisateur_id": 1,
      "objet": "Ici est objet de la lettre",
      "expediteur": "Kalonji",
      "destinataire": null,
      "numero_reference": "AZ1234567890",
      "forwards": []
    },
    {
      "id": 2,
      "numero_accuse_reception": "GEC-2025-00002",
      "type_courrier": "SORTANT",
      "type_courrier_sortant_id": 3,
      "date_redaction": "2025-07-02",
      "date_enregistrement": "2025-10-15T15:39:25.996679",
      "statut": "RECU",
      "date_modification_statut": "2025-10-15T15:39:25.996683",
      "secretaire_general_copie": null,
      "fichier_nom": "Adobe Scan 9 août 2025.pdf",
      "fichier_type": "pdf",
      "fichier_checksum": null,
      "fichier_encrypted": false,
      "autres_informations": "Supplmnt",
      "is_deleted": false,
      "deleted_at": null,
      "utilisateur_id": 1,
      "objet": "Second lettre",
      "expediteur": null,
      "destinataire": "Aisance",
      "numero_reference": "ZA1234566778990",
      "forwards": []
    }
  ],
  "attachments": [
    {
      "courrier_id": 1,
      "type": "main",
      "filename": "GEC_-_Systme_de_Gestion_du_Courrier.pdf",
      "path": "uploads/20251015_153832_GEC_-_Systme_de_Gestion_du_Courrier.pdf",
      "encrypted": false,
      "checksum": null
    },
    {
      "courrier_id": 2,
      "type": "main",
      "filename": "Adobe Scan 9 août 2025.pdf",
      "path": "uploads/20251015_153925_Adobe_Scan_9_aout_2025.pdf",
      "encrypted": false,
      "checksum": null
    }
  ]
}